"","Gene","logFC","pvalues"
"ENSG00000272398","ENSG00000272398",5.55852142365386,0.3475202328419
"ENSG00000135439","ENSG00000135439",2.64110262523525,0.309473617790557
"ENSG00000130348","ENSG00000130348",3.58941915404564,0.361669644149962
"ENSG00000198719","ENSG00000198719",5.90198499725207,0.349156621730991
"ENSG00000169429","ENSG00000169429",3.08403019156268,0.277327925933751
"ENSG00000171608","ENSG00000171608",2.91602795475039,0.346861701359269
"ENSG00000164494","ENSG00000164494",3.50005201091366,0.365208835886416
"ENSG00000198732","ENSG00000198732",3.88661482801152,0.210575172288911
"ENSG00000130349","ENSG00000130349",3.04777118166361,0.360454577767219
"ENSG00000173404","ENSG00000173404",2.82532281309973,0.38030454011612
"ENSG00000142549","ENSG00000142549",2.68225479624329,0.0535857156383638
"ENSG00000146426","ENSG00000146426",2.66697046354443,0.376873808409874
"ENSG00000130347","ENSG00000130347",2.74308347596789,0.369327655786675
"ENSG00000275385","ENSG00000275385",5.60295641925231,0.380432166203253
"ENSG00000178409","ENSG00000178409",2.89300560037396,0.318348507671449
"ENSG00000134363","ENSG00000134363",2.98263713366942,0.144946681217742
"ENSG00000137142","ENSG00000137142",3.51370381755133,0.201108504153827
"ENSG00000133063","ENSG00000133063",3.2969275952793,0.39560249089527
"ENSG00000150275","ENSG00000150275",3.04013748179792,0.245649420986388
"ENSG00000124440","ENSG00000124440",3.14726585085034,0.174664034910498
"ENSG00000124102","ENSG00000124102",3.92201889535178,0.234928264163254
"ENSG00000158164","ENSG00000158164",3.09304425231339,0.256557661024018
"ENSG00000203710","ENSG00000203710",2.80302466855887,0.39676081390962
"ENSG00000253305","ENSG00000253305",2.93006570918567,0.386056429683445
"ENSG00000169840","ENSG00000169840",2.58280115943169,0.219555692359097
"ENSG00000170549","ENSG00000170549",4.14681598496713,0.251864017612315
"ENSG00000153132","ENSG00000153132",3.04698377189527,0.137832554272109
"ENSG00000111087","ENSG00000111087",4.40833706202988,0.363631408636186
"ENSG00000197083","ENSG00000197083",2.76300680627183,0.181953210761906
"ENSG00000128573","ENSG00000128573",3.28581780147808,0.236470681630826
"ENSG00000188011","ENSG00000188011",2.92580420915996,0.267257950755138
"ENSG00000168505","ENSG00000168505",3.03725961856908,0.140088697842326
"ENSG00000164946","ENSG00000164946",2.81064349207258,0.204052864908294
"ENSG00000231789","ENSG00000231789",2.87686363305652,0.368656906813493
"ENSG00000257335","ENSG00000257335",3.65136372644367,0.271536859621338
"ENSG00000258548","ENSG00000258548",4.12903909183814,0.206489967468151
"ENSG00000162992","ENSG00000162992",3.51727569320958,0.234873993443449
"ENSG00000085552","ENSG00000085552",2.76206255445617,0.179695961101743
"ENSG00000153993","ENSG00000153993",3.25449617727653,0.210528299867362
"ENSG00000108342","ENSG00000108342",3.50579967093742,0.322958638915306
"ENSG00000263958","ENSG00000263958",3.54818833366352,0.281414369087967
"ENSG00000253953","ENSG00000253953",3.35469612435678,0.379525321280109
"ENSG00000249158","ENSG00000249158",3.49738666201308,0.321035152029493
"ENSG00000241945","ENSG00000241945",2.83813358360789,0.0046223706636878
"ENSG00000214456","ENSG00000214456",2.8073549220576,0.16399070602866
"ENSG00000206557","ENSG00000206557",2.7933616499781,0.111469400315208
"ENSG00000181374","ENSG00000181374",2.61530252952206,0.429400158236759
"ENSG00000120057","ENSG00000120057",5.02898239372561,0.374049512825896
"ENSG00000237125","ENSG00000237125",3.67761178868683,0.243096916303459
"ENSG00000125813","ENSG00000125813",3.06200966227542,0.240773827367839
"ENSG00000170166","ENSG00000170166",3.08138832684066,0.185970668827947
"ENSG00000175189","ENSG00000175189",2.70525673443887,0.361349874179034
"ENSG00000150244","ENSG00000150244",5.69071861217261,0.381676048288634
"ENSG00000249362","ENSG00000249362",2.66966899802411,0.115175378347227
"ENSG00000143869","ENSG00000143869",2.86616857033105,0.30623728762741
"ENSG00000169297","ENSG00000169297",5.05104760559039,0.196404262348801
"ENSG00000215612","ENSG00000215612",5.24146606677908,0.17448247617426
"ENSG00000204963","ENSG00000204963",3.18081331758505,0.282340095683747
"ENSG00000108688","ENSG00000108688",2.89978620890857,0.31531865430229
"ENSG00000198028","ENSG00000198028",5.18051812191347,0.177172048199001
"ENSG00000273100","ENSG00000273100",3.23521646169403,0.329242358166211
"ENSG00000186493","ENSG00000186493",4.79041115859921,0.103205636762384
"ENSG00000230699","ENSG00000230699",3.0118157502472,0.272649644326232
"ENSG00000081842","ENSG00000081842",2.9919025323014,0.379870086527123
"ENSG00000287200","ENSG00000287200",4.13245029602365,0.376076788235416
"ENSG00000234354","ENSG00000234354",4.14348133314794,0.354617084421849
"ENSG00000170561","ENSG00000170561",5.92934544643621,0.0773034302800764
"ENSG00000287893","ENSG00000287893",3.13302541863078,0.401728288003487
"ENSG00000260577","ENSG00000260577",4.10643207781693,0.149843527188365
"ENSG00000163736","ENSG00000163736",3.4594316186373,0.168039037364126
"ENSG00000271551","ENSG00000271551",3.50610708000992,0.323032084199586
"ENSG00000204791","ENSG00000204791",3.5705785825585,0.359360738831221
"ENSG00000286478","ENSG00000286478",4.90000421002328,0.300457550182356
"ENSG00000179873","ENSG00000179873",3.08943508358194,0.215322867348437
"ENSG00000257443","ENSG00000257443",4.14383577257365,0.389149151875889
"ENSG00000196109","ENSG00000196109",2.96809075204526,0.229053512497695
"ENSG00000237863","ENSG00000237863",3.53743413063857,0.368678995732983
"ENSG00000229676","ENSG00000229676",3.79441586635011,0.154243205101569
"ENSG00000246528","ENSG00000246528",3.89077093024524,0.224966124382948
"ENSG00000148346","ENSG00000148346",3.19841355840201,0.364122045503644
"ENSG00000223528","ENSG00000223528",8.53377896009738,0.374724644580532
"ENSG00000180458","ENSG00000180458",3.10619940383192,0.284833045284645
"ENSG00000166926","ENSG00000166926",4.80511297127093,0.377579267899764
"ENSG00000136944","ENSG00000136944",4.56478461878353,0.153262195386228
"ENSG00000118113","ENSG00000118113",2.92810708151821,0.202908705454234
"ENSG00000261754","ENSG00000261754",4.32818708535904,0.196354816518833
"ENSG00000229654","ENSG00000229654",6.21084525675562,0.367822265612914
"ENSG00000131355","ENSG00000131355",4.17753818555219,0.312457452005905
"ENSG00000185275","ENSG00000185275",6.29391371871777,0.360273867135905
"ENSG00000171956","ENSG00000171956",3.21593739919915,0.113042816860147
"ENSG00000183032","ENSG00000183032",3.27085391029309,0.186271274976638
"ENSG00000197472","ENSG00000197472",3.74075717332858,0.12244653943603
"ENSG00000133124","ENSG00000133124",5.15987133677839,0.372211617740863
"ENSG00000237210","ENSG00000237210",3.23946593469539,0.414577161016053
"ENSG00000287340","ENSG00000287340",3.49984588708321,0.133518440821185
"ENSG00000288041","ENSG00000288041",3.73470962022584,0.299238188353498
"ENSG00000174450","ENSG00000174450",3.56071495447448,0.362514297035238
"ENSG00000261711","ENSG00000261711",4.05889368905357,0.360183612008627
"ENSG00000236816","ENSG00000236816",3.66837850890879,0.108110291056197
"ENSG00000162892","ENSG00000162892",4.4170853279277,0.312484920625203
"ENSG00000287209","ENSG00000287209",3.71741279674481,0.381534593467463
"ENSG00000271234","ENSG00000271234",4.5909612413426,0.360610273886221
"ENSG00000204936","ENSG00000204936",5.90689059560852,0.361931625044321
"ENSG00000174697","ENSG00000174697",3.81591693556103,0.287444474209551
"ENSG00000129514","ENSG00000129514",5.54689445988764,0.363015307944344
"ENSG00000187185","ENSG00000187185",4.25738784269265,0.36530964806135
"ENSG00000124557","ENSG00000124557",4.11894107272351,0.35591233837479
"ENSG00000184895","ENSG00000184895",4.13955135239879,0.324384809137067
"ENSG00000264956","ENSG00000264956",4.22606807947985,0.384561231998013
"ENSG00000236054","ENSG00000236054",5.03708931873522,0.359599577531428
"ENSG00000285534","ENSG00000285534",3.55458885167764,0.341866584577372
"ENSG00000262539","ENSG00000262539",4.07324898203064,0.362222085195158
"ENSG00000235142","ENSG00000235142",7.88874324889826,0.374205231788352
"ENSG00000178919","ENSG00000178919",5.64385618977472,0.328086900575867
"ENSG00000253187","ENSG00000253187",3.71881824745595,0.326856439328989
"ENSG00000253308","ENSG00000253308",4.10433665981474,0.337306690780337
"ENSG00000287867","ENSG00000287867",5.21916852046216,0.172363475273864
"ENSG00000230635","ENSG00000230635",3.86789646399265,0.130039105898927
"ENSG00000269345","ENSG00000269345",3.67807190511264,0.194460117131419
"ENSG00000228304","ENSG00000228304",3.63226821549951,0.375165087199789
"ENSG00000273906","ENSG00000273906",6.2667865406949,0.332220631297396
"ENSG00000183169","ENSG00000183169",4.79441586635011,0.389167354013624
"ENSG00000277089","ENSG00000277089",4.08746284125034,0.391146897098315
"ENSG00000271584","ENSG00000271584",3.97727992349992,0.304850667035597
"ENSG00000286521","ENSG00000286521",4.71881824745595,0.363237266631868
"ENSG00000271776","ENSG00000271776",4.58496250072116,0.081362632418409
"ENSG00000283458","ENSG00000283458",4.64385618977472,0.171669723105299
"ENSG00000280118","ENSG00000280118",4.4374053123073,0.335539436348176
"ENSG00000205215","ENSG00000205215",4.34577483684173,0.148280099032071
"ENSG00000286351","ENSG00000286351",5.65821148275179,0.371866190684702
"ENSG00000279134","ENSG00000279134",5.12928301694497,0.370912705740904
"ENSG00000063515","ENSG00000063515",4.90689059560852,0.324558808508729
"ENSG00000164400","ENSG00000164400",4.7279204545632,0.205037050189839
"ENSG00000205266","ENSG00000205266",4.4594316186373,0.143294275350381
"ENSG00000259974","ENSG00000259974",4.35755200461808,0.341979885585707
"ENSG00000092377","ENSG00000092377",6.6724253419715,0.345939580936748
"ENSG00000242021","ENSG00000242021",5.95419631038687,0.258729601402773
"ENSG00000268079","ENSG00000268079",5.12928301694497,0.240632946311979
"ENSG00000279104","ENSG00000279104",5.16992500144231,0.0210896104388859
"ENSG00000268104","ENSG00000268104",5.12928301694497,0.207764079997861
"ENSG00000233941","ENSG00000233941",Inf,0.373900966300059
"ENSG00000257288","ENSG00000257288",Inf,0.370623785996371
"ENSG00000257541","ENSG00000257541",Inf,0.373900966300059
"ENSG00000164438","ENSG00000164438",Inf,0.278295166307563
"ENSG00000287460","ENSG00000287460",Inf,0.357275240543842
"ENSG00000259907","ENSG00000259907",Inf,0.167211639541982
"ENSG00000287552","ENSG00000287552",Inf,0.373900966300059
"ENSG00000228886","ENSG00000228886",Inf,0.223746165685958
"ENSG00000277984","ENSG00000277984",Inf,0.115054806257745
"ENSG00000102313","ENSG00000102313",Inf,0.330374966938783
"ENSG00000279411","ENSG00000279411",Inf,0.373900966300059
"ENSG00000237759","ENSG00000237759",Inf,0.306232041818487
"ENSG00000168530","ENSG00000168530",NA,0.339958391629891
"ENSG00000229404","ENSG00000229404",NA,0.30966617603077
"ENSG00000250623","ENSG00000250623",NA,0.311751250542293
"ENSG00000203690","ENSG00000203690",NA,0.311194390523991
"ENSG00000230051","ENSG00000230051",NA,0.136186172470911
"ENSG00000229228","ENSG00000229228",NA,0.27178004828555
"ENSG00000231292","ENSG00000231292",NA,0.344496008773026
"ENSG00000206702","ENSG00000206702",NA,0.322942518295496
"ENSG00000287492","ENSG00000287492",NA,0.22534801670242
"ENSG00000249460","ENSG00000249460",NA,0.0577298265035732
"ENSG00000285294","ENSG00000285294",NA,0.295674428793964
"ENSG00000269504","ENSG00000269504",NA,0.397918900820879
"ENSG00000254395","ENSG00000254395",NA,0.162244224642739
"ENSG00000233999","ENSG00000233999",NA,0.387145654888661
"ENSG00000236627","ENSG00000236627",NA,0.373900966300059
"ENSG00000233517","ENSG00000233517",NA,0.359536695288852
"ENSG00000232529","ENSG00000232529",NA,0.348034003322058
"ENSG00000285336","ENSG00000285336",NA,0.210339964003311
"ENSG00000258551","ENSG00000258551",NA,0.201801233294748
"ENSG00000254750","ENSG00000254750",NA,0.300093278463649
"ENSG00000230936","ENSG00000230936",NA,0.100719329701058
"ENSG00000229563","ENSG00000229563",NA,0.365153588460644
"ENSG00000287668","ENSG00000287668",NA,0.279706641454565
"ENSG00000269506","ENSG00000269506",NA,0.388576556475937
"ENSG00000253132","ENSG00000253132",NA,0.373900966300059
"ENSG00000233977","ENSG00000233977",NA,0.191354914165281
"ENSG00000287849","ENSG00000287849",NA,0.179662818006223
"ENSG00000288545","ENSG00000288545",NA,0.109803122038559
"ENSG00000220891","ENSG00000220891",NA,0.384890519358382
"ENSG00000134757","ENSG00000134757",NA,0.215120272670129
"ENSG00000108759","ENSG00000108759",NA,0.198714452154531
"ENSG00000242076","ENSG00000242076",NA,0.315415805548659
"ENSG00000184344","ENSG00000184344",NA,0.282261543505426
"ENSG00000211665","ENSG00000211665",NA,0.404500475076745
"ENSG00000242207","ENSG00000242207",NA,0.304521747478696
"ENSG00000286481","ENSG00000286481",NA,0.225111701379647
"ENSG00000215117","ENSG00000215117",NA,0.209338573783383
"ENSG00000257927","ENSG00000257927",NA,0.201877278664783
"ENSG00000243063","ENSG00000243063",NA,0.333845067906425
"ENSG00000227255","ENSG00000227255",NA,0.308937438024903
"ENSG00000253239","ENSG00000253239",NA,0.410907027878371
"ENSG00000239975","ENSG00000239975",NA,0.184291026208329
"ENSG00000286081","ENSG00000286081",NA,0.161572703813097
"ENSG00000203907","ENSG00000203907",NA,0.382814585093085
"ENSG00000256325","ENSG00000256325",NA,0.352306346581721
"ENSG00000211794","ENSG00000211794",NA,0.243719816945039
"ENSG00000220913","ENSG00000220913",NA,0.371004626151174
"ENSG00000236081","ENSG00000236081",NA,0.261481045024654
"ENSG00000233215","ENSG00000233215",NA,0.369013205237742
"ENSG00000287417","ENSG00000287417",NA,0.335798493895154
"ENSG00000211952","ENSG00000211952",NA,0.303643952732313
"ENSG00000196406","ENSG00000196406",NA,0.371151702515545
"ENSG00000186847","ENSG00000186847",NA,0.261545127968398
"ENSG00000109132","ENSG00000109132",NA,0.218588727414206
"ENSG00000204528","ENSG00000204528",NA,0.364020173021363
"ENSG00000099399","ENSG00000099399",NA,0.391205218032354
"ENSG00000249116","ENSG00000249116",NA,0.359118467651807
"ENSG00000286580","ENSG00000286580",NA,0.29708187193805
"ENSG00000243955","ENSG00000243955",NA,0.02982751927587
"ENSG00000258932","ENSG00000258932",NA,0.159743850728558
"ENSG00000112499","ENSG00000112499",NA,0.246566273970467
"ENSG00000232325","ENSG00000232325",NA,0.339523122963611
"ENSG00000144010","ENSG00000144010",NA,0.357334933146671
"ENSG00000232370","ENSG00000232370",NA,0.392195548763137
"ENSG00000278857","ENSG00000278857",NA,0.364923036969377
"ENSG00000064218","ENSG00000064218",NA,0.168250654115706
"ENSG00000143196","ENSG00000143196",NA,0.0607302024113288
"ENSG00000234261","ENSG00000234261",NA,0.376548572134463
"ENSG00000227017","ENSG00000227017",NA,0.0985089377690956
"ENSG00000231394","ENSG00000231394",NA,0.241997656022994
"ENSG00000233308","ENSG00000233308",NA,0.208669021706308
"ENSG00000261399","ENSG00000261399",NA,0.138796593049585
"ENSG00000224141","ENSG00000224141",NA,0.180650890901838
"ENSG00000250102","ENSG00000250102",NA,0.384062133416177
"ENSG00000236212","ENSG00000236212",NA,0.197984257873096
"ENSG00000258712","ENSG00000258712",NA,0.358900419140998
"ENSG00000278097","ENSG00000278097",NA,0.401778916954264
"ENSG00000251363","ENSG00000251363",NA,0.343684559692689
"ENSG00000176040","ENSG00000176040",NA,0.398705128370834
"ENSG00000158485","ENSG00000158485",NA,0.417265997296861
"ENSG00000144015","ENSG00000144015",NA,0.391243215673227
"ENSG00000108255","ENSG00000108255",NA,0.261846309450327
"ENSG00000231171","ENSG00000231171",NA,0.315536255358674
"ENSG00000278473","ENSG00000278473",NA,0.373900966300059
"ENSG00000229735","ENSG00000229735",NA,0.346098451059526
"ENSG00000231806","ENSG00000231806",NA,0.214270632316426
"ENSG00000211655","ENSG00000211655",NA,0.384062133416177
"ENSG00000273367","ENSG00000273367",NA,0.119015720475989
"ENSG00000262267","ENSG00000262267",NA,0.278001056376863
"ENSG00000275216","ENSG00000275216",NA,0.359284598558588
"ENSG00000282651","ENSG00000282651",NA,0.446432218023346
"ENSG00000280693","ENSG00000280693",NA,0.320130782945144
"ENSG00000171346","ENSG00000171346",NA,0.317214590589864
"ENSG00000185290","ENSG00000185290",NA,0.299638222737388
"ENSG00000256915","ENSG00000256915",NA,0.338903098625274
"ENSG00000226806","ENSG00000226806",NA,0.293272828132501
"ENSG00000233515","ENSG00000233515",NA,0.337988509207286
"ENSG00000048462","ENSG00000048462",NA,0.261881343227862
"ENSG00000259527","ENSG00000259527",NA,0.373900966300059
"ENSG00000243944","ENSG00000243944",NA,0.368670463933202
"ENSG00000251039","ENSG00000251039",NA,0.200665115288659
"ENSG00000251320","ENSG00000251320",NA,0.335979460099542
"ENSG00000251623","ENSG00000251623",NA,0.196323250088407
"ENSG00000285675","ENSG00000285675",NA,0.294944107643596
"ENSG00000211685","ENSG00000211685",NA,0.366821794530245
"ENSG00000211632","ENSG00000211632",NA,0.400864281033024
"ENSG00000083782","ENSG00000083782",NA,0.357547208291436
"ENSG00000095917","ENSG00000095917",NA,0.032008682166548
"ENSG00000173237","ENSG00000173237",NA,0.358322807830596
"ENSG00000258274","ENSG00000258274",NA,0.292388312454785
"ENSG00000167941","ENSG00000167941",NA,0.224201428977326
"ENSG00000166391","ENSG00000166391",NA,0.308790525487927
"ENSG00000250993","ENSG00000250993",NA,0.373900966300059
"ENSG00000255733","ENSG00000255733",NA,0.302889989055563
"ENSG00000188646","ENSG00000188646",NA,0.314054641935423
"ENSG00000266088","ENSG00000266088",NA,0.176730512860605
"ENSG00000286452","ENSG00000286452",NA,0.183139414259235
"ENSG00000163209","ENSG00000163209",NA,0.361640409542986
"ENSG00000231107","ENSG00000231107",NA,0.0359113676739662
"ENSG00000211664","ENSG00000211664",NA,0.515365398139633
"ENSG00000211647","ENSG00000211647",NA,0.170647875140027
"ENSG00000227182","ENSG00000227182",NA,0.373900966300059
"ENSG00000256678","ENSG00000256678",NA,0.406707763600149
"ENSG00000171517","ENSG00000171517",NA,0.103565532262164
"ENSG00000264015","ENSG00000264015",NA,0.36033654086403
"ENSG00000241825","ENSG00000241825",NA,0.413655995944414
"ENSG00000214146","ENSG00000214146",NA,0.291788699623303
"ENSG00000151365","ENSG00000151365",NA,0.260622758990409
"ENSG00000287951","ENSG00000287951",NA,0.155699871316231
"ENSG00000285576","ENSG00000285576",NA,0.119880983618282
"ENSG00000250041","ENSG00000250041",NA,0.349965352918651
"ENSG00000211747","ENSG00000211747",NA,0.291058824885875
"ENSG00000205361","ENSG00000205361",NA,0.381113934976487
"ENSG00000167749","ENSG00000167749",NA,0.341313134940727
"ENSG00000231475","ENSG00000231475",NA,0.36831921992974
"ENSG00000169393","ENSG00000169393",NA,0.375356209938076
"ENSG00000258602","ENSG00000258602",NA,0.40963960727753
"ENSG00000224041","ENSG00000224041",NA,0.330652296546402
"ENSG00000212766","ENSG00000212766",NA,0.380375326043753
"ENSG00000232258","ENSG00000232258",NA,0.252002742158353
"ENSG00000234710","ENSG00000234710",NA,0.311044987357854
"ENSG00000251546","ENSG00000251546",NA,0.330370097439249
"ENSG00000227591","ENSG00000227591",NA,0.380222943206534
"ENSG00000253497","ENSG00000253497",NA,0.354838082665896
"ENSG00000202111","ENSG00000202111",NA,0.234233258886546
"ENSG00000286540","ENSG00000286540",NA,0.125238915979817
"ENSG00000258451","ENSG00000258451",NA,0.422356554896753
"ENSG00000186910","ENSG00000186910",NA,0.380480730936877
"ENSG00000254109","ENSG00000254109",NA,0.107636986025217
"ENSG00000211950","ENSG00000211950",NA,0.258804986878678
"ENSG00000260802","ENSG00000260802",NA,0.42438782962886
"ENSG00000228358","ENSG00000228358",NA,0.242295546914004
"ENSG00000163646","ENSG00000163646",NA,0.372486790246614
"ENSG00000282939","ENSG00000282939",NA,0.233239899358442
"ENSG00000230356","ENSG00000230356",NA,0.358146320736403
"ENSG00000286722","ENSG00000286722",NA,0.405276428464617
"ENSG00000228509","ENSG00000228509",NA,0.316449040325018
"ENSG00000151224","ENSG00000151224",NA,0.362665952270332
"ENSG00000152611","ENSG00000152611",NA,0.381467593921517
"ENSG00000143297","ENSG00000143297",NA,0.370958102520298
"ENSG00000232211","ENSG00000232211",NA,0.39812214408729
"ENSG00000156206","ENSG00000156206",NA,0.353830034508016
"ENSG00000214819","ENSG00000214819",NA,0.373900966300059
"ENSG00000227496","ENSG00000227496",NA,0.350779602952135
"ENSG00000143125","ENSG00000143125",NA,0.167773919612875
"ENSG00000261036","ENSG00000261036",NA,0.370599557120162
"ENSG00000091583","ENSG00000091583",NA,0.402854071969521
"ENSG00000242371","ENSG00000242371",NA,0.345010845248977
"ENSG00000264151","ENSG00000264151",NA,0.380096314430174
"ENSG00000213355","ENSG00000213355",NA,0.275037741346296
"ENSG00000147378","ENSG00000147378",NA,0.0890773326321906
"ENSG00000250387","ENSG00000250387",NA,0.34685908364562
"ENSG00000236069","ENSG00000236069",NA,0.392759246141723
"ENSG00000236039","ENSG00000236039",NA,0.370127556615486
"ENSG00000211970","ENSG00000211970",NA,0.406953711280772
"ENSG00000271239","ENSG00000271239",NA,0.34541122685473
"ENSG00000137090","ENSG00000137090",NA,0.31864652710876
"ENSG00000186471","ENSG00000186471",NA,0.289640975767732
"ENSG00000187621","ENSG00000187621",NA,0.384368869712157
"ENSG00000240671","ENSG00000240671",NA,0.475771093173861
"ENSG00000261706","ENSG00000261706",NA,0.360623468226071
"ENSG00000251511","ENSG00000251511",NA,0.207610326144278
"ENSG00000259828","ENSG00000259828",NA,0.296970319155601
"ENSG00000280411","ENSG00000280411",NA,0.314591818653923
"ENSG00000146276","ENSG00000146276",NA,0.40476477091801
"ENSG00000055957","ENSG00000055957",NA,0.255579909937907
"ENSG00000287372","ENSG00000287372",NA,0.325704018793488
"ENSG00000253819","ENSG00000253819",NA,0.285227147625087
"ENSG00000160180","ENSG00000160180",NA,0.166882812959899
"ENSG00000134160","ENSG00000134160",NA,0.329368686793129
"ENSG00000181617","ENSG00000181617",NA,0.378626898738098
"ENSG00000181541","ENSG00000181541",NA,0.381204831493964
"ENSG00000172482","ENSG00000172482",NA,0.375469463204223
"ENSG00000184350","ENSG00000184350",NA,0.156359847914589
"ENSG00000118231","ENSG00000118231",NA,0.0795561637890864
"ENSG00000240476","ENSG00000240476",NA,0.407638285191979
"ENSG00000099937","ENSG00000099937",NA,0.262628412274678
"ENSG00000120937","ENSG00000120937",NA,0.334306651526094
"ENSG00000163825","ENSG00000163825",NA,0.372877392742571
"ENSG00000226690","ENSG00000226690",NA,0.347197340052545
"ENSG00000123977","ENSG00000123977",NA,0.354507866887313
"ENSG00000185640","ENSG00000185640",NA,0.390432091643839
"ENSG00000254092","ENSG00000254092",NA,0.016611092322735
"ENSG00000211946","ENSG00000211946",NA,0.389524495134319
"ENSG00000205002","ENSG00000205002",NA,0.380540286641775
"ENSG00000271824","ENSG00000271824",NA,0.320613862178083
"ENSG00000211935","ENSG00000211935",NA,0.461742598239496
"ENSG00000248874","ENSG00000248874",NA,0.377140022651366
"ENSG00000158639","ENSG00000158639",NA,0.389703490047127
"ENSG00000113722","ENSG00000113722",NA,0.360159781832718
"ENSG00000182111","ENSG00000182111",NA,0.415786864487576
"ENSG00000223350","ENSG00000223350",NA,0.389040788521031
"ENSG00000169550","ENSG00000169550",NA,0.373900966300059
"ENSG00000211637","ENSG00000211637",NA,0.411401235798808
"ENSG00000260135","ENSG00000260135",NA,0.191724614340157
"ENSG00000163751","ENSG00000163751",NA,0.161575705142545
"ENSG00000286404","ENSG00000286404",NA,0.103087040304531
"ENSG00000064195","ENSG00000064195",NA,0.352842894898591
"ENSG00000171345","ENSG00000171345",NA,0.355462170201116
"ENSG00000138395","ENSG00000138395",NA,0.198960119638912
"ENSG00000287872","ENSG00000287872",NA,0.253504919642422
"ENSG00000264345","ENSG00000264345",NA,0.282913175136933
"ENSG00000267448","ENSG00000267448",NA,0.364569121313783
"ENSG00000224594","ENSG00000224594",NA,0.41122892488259
"ENSG00000211976","ENSG00000211976",NA,0.406470349585962
"ENSG00000288525","ENSG00000288525",NA,0.303364364440401
"ENSG00000259518","ENSG00000259518",NA,0.241169436493161
"ENSG00000172236","ENSG00000172236",NA,0.0270955053654152
"ENSG00000214145","ENSG00000214145",NA,0.309936944822468
"ENSG00000143512","ENSG00000143512",NA,0.23449643935114
"ENSG00000197253","ENSG00000197253",NA,0.0252998751085168
"ENSG00000250748","ENSG00000250748",NA,0.386399625994686
"ENSG00000233560","ENSG00000233560",NA,0.361691756902158
"ENSG00000073282","ENSG00000073282",NA,0.257381551323295
"ENSG00000204894","ENSG00000204894",NA,0.449151262696409
"ENSG00000253998","ENSG00000253998",NA,0.378644234213112
"ENSG00000222022","ENSG00000222022",NA,0.376797380914824
"ENSG00000224063","ENSG00000224063",NA,0.322274757847734
"ENSG00000145040","ENSG00000145040",NA,0.364921774427861
"ENSG00000135374","ENSG00000135374",NA,0.400433001476567
"ENSG00000229056","ENSG00000229056",NA,0.348225816461397
"ENSG00000186973","ENSG00000186973",NA,0.253096474500541
"ENSG00000214285","ENSG00000214285",NA,0.175400176573844
"ENSG00000248475","ENSG00000248475",NA,0.372452270410219
"ENSG00000179300","ENSG00000179300",NA,0.380122858193021
"ENSG00000223812","ENSG00000223812",NA,0.118440022942487
"ENSG00000117322","ENSG00000117322",NA,0.382052968615236
"ENSG00000198074","ENSG00000198074",NA,0.390907669559104
"ENSG00000243238","ENSG00000243238",NA,0.422397048607053
"ENSG00000164458","ENSG00000164458",NA,0.338810303968078
"ENSG00000172116","ENSG00000172116",NA,0.0487977091305039
"ENSG00000283787","ENSG00000283787",NA,0.24889853696799
"ENSG00000039537","ENSG00000039537",NA,0.0865837395407086
"ENSG00000118156","ENSG00000118156",NA,0.241148439105053
"ENSG00000254337","ENSG00000254337",NA,0.370092172066391
"ENSG00000211964","ENSG00000211964",NA,0.439248498901554
"ENSG00000130427","ENSG00000130427",NA,0.226434438340242
"ENSG00000251372","ENSG00000251372",NA,0.29958481521955
"ENSG00000163792","ENSG00000163792",NA,0.194950084646924
"ENSG00000197587","ENSG00000197587",NA,0.170874181311327
"ENSG00000249001","ENSG00000249001",NA,0.168054625222111
"ENSG00000211670","ENSG00000211670",NA,0.36070272741458
"ENSG00000278196","ENSG00000278196",NA,0.39233271183699
"ENSG00000111981","ENSG00000111981",NA,0.272910450962928
"ENSG00000196616","ENSG00000196616",NA,0.408223780663075
"ENSG00000275874","ENSG00000275874",NA,0.352069817912172
"ENSG00000243290","ENSG00000243290",NA,0.288344709970884
"ENSG00000034239","ENSG00000034239",NA,0.391970331258145
"ENSG00000211966","ENSG00000211966",NA,0.325041203380109
"ENSG00000242766","ENSG00000242766",NA,0.180804849838111
"ENSG00000198573","ENSG00000198573",NA,0.371187216829377
"ENSG00000269404","ENSG00000269404",NA,0.324388972255314
"ENSG00000117215","ENSG00000117215",NA,0.343090019684828
"ENSG00000140798","ENSG00000140798",NA,0.30486243120215
"ENSG00000162598","ENSG00000162598",NA,0.0170232740306519
"ENSG00000256193","ENSG00000256193",NA,0.0413213097471562
"ENSG00000225684","ENSG00000225684",NA,0.259542361942119
"ENSG00000272763","ENSG00000272763",NA,0.354911732216098
"ENSG00000197614","ENSG00000197614",NA,0.194652952280772
"ENSG00000222032","ENSG00000222032",NA,0.370750558634963
"ENSG00000228314","ENSG00000228314",NA,0.379727703210838
"ENSG00000173077","ENSG00000173077",NA,0.267676175626014
"ENSG00000140459","ENSG00000140459",NA,0.0675119360086087
"ENSG00000160183","ENSG00000160183",NA,0.0454186023234642
"ENSG00000151882","ENSG00000151882",NA,0.258822474624942
"ENSG00000106128","ENSG00000106128",NA,0.376219856411167
"ENSG00000231817","ENSG00000231817",NA,0.202162310491685
"ENSG00000121570","ENSG00000121570",NA,0.380003051890867
"ENSG00000079101","ENSG00000079101",NA,0.327115719459895
"ENSG00000157330","ENSG00000157330",NA,0.33281220861544
"ENSG00000211625","ENSG00000211625",NA,0.393709019336762
"ENSG00000118271","ENSG00000118271",NA,0.373675014271927
"ENSG00000276566","ENSG00000276566",NA,0.31985379175467
"ENSG00000163331","ENSG00000163331",NA,0.39697467908167
"ENSG00000223485","ENSG00000223485",NA,0.369948320436209
"ENSG00000213058","ENSG00000213058",NA,0.195960220020445
"ENSG00000108700","ENSG00000108700",NA,0.152515136939408
"ENSG00000287064","ENSG00000287064",NA,0.347267673471517
"ENSG00000211959","ENSG00000211959",NA,0.430233192085606
"ENSG00000178776","ENSG00000178776",NA,0.362104062450563
"ENSG00000287560","ENSG00000287560",NA,0.182557511982511
"ENSG00000211947","ENSG00000211947",NA,0.479282502964157
"ENSG00000211942","ENSG00000211942",NA,0.348065806270613
"ENSG00000006453","ENSG00000006453",NA,0.393036478657197
"ENSG00000046774","ENSG00000046774",NA,0.340984345775949
"ENSG00000187980","ENSG00000187980",NA,0.368154981231772
"ENSG00000233098","ENSG00000233098",NA,0.298350729002765
"ENSG00000228742","ENSG00000228742",NA,0.348368915285424
"ENSG00000185686","ENSG00000185686",NA,0.373895407688733
"ENSG00000172724","ENSG00000172724",NA,0.340601572421444
"ENSG00000110680","ENSG00000110680",NA,0.380942610381857
"ENSG00000211640","ENSG00000211640",NA,0.410304501640318
"ENSG00000233532","ENSG00000233532",NA,0.391690735197229
"ENSG00000164794","ENSG00000164794",NA,0.127929599459998
"ENSG00000144820","ENSG00000144820",NA,0.402494822657559
"ENSG00000233968","ENSG00000233968",NA,0.38388619049978
"ENSG00000137745","ENSG00000137745",NA,0.268754268601972
"ENSG00000196666","ENSG00000196666",NA,0.38226809688179
"ENSG00000027644","ENSG00000027644",NA,0.258988301271173
"ENSG00000128045","ENSG00000128045",NA,0.387738682790072
"ENSG00000167244","ENSG00000167244",NA,0.412267673525857
"ENSG00000241351","ENSG00000241351",NA,0.481289296498281
"ENSG00000214897","ENSG00000214897",NA,0.37345029041226
"ENSG00000239819","ENSG00000239819",NA,0.373091476281232
"ENSG00000154478","ENSG00000154478",NA,0.237618633265233
"ENSG00000268433","ENSG00000268433",NA,0.361485756274638
"ENSG00000211668","ENSG00000211668",NA,0.364204142165151
"ENSG00000211660","ENSG00000211660",NA,0.325906039939114
"ENSG00000161798","ENSG00000161798",NA,0.272697695493531
"ENSG00000282639","ENSG00000282639",NA,0.377559238818587
"ENSG00000138207","ENSG00000138207",NA,0.260067360017254
"ENSG00000244437","ENSG00000244437",NA,0.406347525539182
"ENSG00000134020","ENSG00000134020",NA,0.1142378553966
"ENSG00000211659","ENSG00000211659",NA,0.349819131836469
"ENSG00000105509","ENSG00000105509",NA,0.386992599586702
"ENSG00000236197","ENSG00000236197",NA,0.415668143905436
"ENSG00000211679","ENSG00000211679",NA,0.330885945914097
"ENSG00000241644","ENSG00000241644",NA,0.251994638258479
"ENSG00000168333","ENSG00000168333",NA,0.293473447280812
"ENSG00000230838","ENSG00000230838",NA,0.38271829274359
"ENSG00000102970","ENSG00000102970",NA,0.399991801730753
"ENSG00000132840","ENSG00000132840",NA,0.0842616013199228
"ENSG00000165072","ENSG00000165072",NA,0.282324419185101
"ENSG00000231317","ENSG00000231317",NA,0.368454387823884
"ENSG00000164707","ENSG00000164707",NA,0.275359550510215
"ENSG00000211673","ENSG00000211673",NA,0.402088402830939
"ENSG00000180613","ENSG00000180613",NA,0.20544231746642
"ENSG00000167434","ENSG00000167434",NA,0.282683849340433
"ENSG00000189320","ENSG00000189320",NA,0.124028080680548
"ENSG00000211898","ENSG00000211898",NA,0.402374276529511
"ENSG00000204542","ENSG00000204542",NA,0.405931596035185
"ENSG00000211653","ENSG00000211653",NA,0.261548869475428
"ENSG00000224184","ENSG00000224184",NA,0.302066749153865
"ENSG00000211669","ENSG00000211669",NA,0.349458985872992
"ENSG00000211650","ENSG00000211650",NA,0.381824024555273
"ENSG00000227234","ENSG00000227234",NA,0.374442192268546
"ENSG00000131203","ENSG00000131203",NA,0.37229415601912
"ENSG00000235207","ENSG00000235207",NA,0.372757742145021
"ENSG00000100362","ENSG00000100362",NA,0.0775923314772877
"ENSG00000211663","ENSG00000211663",NA,0.385835156398081
"ENSG00000170689","ENSG00000170689",NA,0.36567876824889
"ENSG00000155495","ENSG00000155495",NA,0.367129127631294
"ENSG00000115648","ENSG00000115648",NA,0.340619184060127
"ENSG00000168081","ENSG00000168081",NA,0.149629405029205
"ENSG00000211638","ENSG00000211638",NA,0.380597507720944
"ENSG00000188993","ENSG00000188993",NA,0.386390706849846
"ENSG00000211892","ENSG00000211892",NA,0.325573449149311
"ENSG00000123500","ENSG00000123500",NA,0.362590972077671
"ENSG00000247345","ENSG00000247345",NA,0.37643316955033
"ENSG00000211662","ENSG00000211662",NA,0.315123348817648
"ENSG00000006611","ENSG00000006611",NA,0.235820500684876
"ENSG00000211639","ENSG00000211639",NA,0.364731145289706
"ENSG00000211642","ENSG00000211642",NA,0.384458531929583
"ENSG00000243466","ENSG00000243466",NA,0.365954212877838
"ENSG00000211666","ENSG00000211666",NA,0.317292268676638
"ENSG00000140563","ENSG00000140563",NA,0.387651678622749
"ENSG00000106341","ENSG00000106341",NA,0.352048429864245
"ENSG00000248184","ENSG00000248184",NA,0.441534787844479
"ENSG00000110887","ENSG00000110887",NA,0.363398379028491
"ENSG00000123838","ENSG00000123838",NA,0.384721997728993
"ENSG00000178602","ENSG00000178602",NA,0.296573412217957
"ENSG00000175868","ENSG00000175868",NA,0.376729261208739
"ENSG00000197594","ENSG00000197594",NA,0.360485419375682
"ENSG00000169248","ENSG00000169248",NA,0.30347685866969
"ENSG00000183036","ENSG00000183036",NA,0.178970726259773
"ENSG00000047936","ENSG00000047936",NA,0.376571380714869
"ENSG00000177508","ENSG00000177508",NA,0.38341138605157
"ENSG00000006128","ENSG00000006128",NA,0.123782671859348
"ENSG00000122133","ENSG00000122133",NA,0.374905315005649
"ENSG00000211677","ENSG00000211677",NA,0.320866752713608
"ENSG00000211893","ENSG00000211893",NA,0.443256776085221
"ENSG00000211598","ENSG00000211598",NA,0.38446808336512
"ENSG00000226278","ENSG00000226278",NA,0.434618827732772
"ENSG00000239951","ENSG00000239951",NA,0.366551936580119
"ENSG00000249307","ENSG00000249307",NA,0.391934466302378
"ENSG00000196091","ENSG00000196091",NA,0.168298138132719
"ENSG00000197430","ENSG00000197430",NA,0.347945991329023
"ENSG00000170421","ENSG00000170421",NA,0.37146176233866
"ENSG00000239855","ENSG00000239855",NA,0.371663003319288
"ENSG00000131771","ENSG00000131771",NA,0.255186148717013
"ENSG00000156234","ENSG00000156234",NA,0.331884772974956
"ENSG00000137809","ENSG00000137809",NA,0.400863821497728
"ENSG00000188257","ENSG00000188257",NA,0.257911613587751
"ENSG00000171724","ENSG00000171724",NA,0.37890932556472
"ENSG00000165949","ENSG00000165949",NA,0.107419334395441
"ENSG00000213139","ENSG00000213139",NA,0.3337206103483
"ENSG00000132465","ENSG00000132465",NA,0.350219244678529
"ENSG00000138755","ENSG00000138755",NA,0.374259586662534
"ENSG00000173432","ENSG00000173432",NA,0.437836207320134
"ENSG00000141469","ENSG00000141469",NA,0.281521963616018
"ENSG00000170290","ENSG00000170290",NA,0.261893726092712
"ENSG00000129038","ENSG00000129038",NA,0.409965501228468
"ENSG00000211897","ENSG00000211897",NA,0.375136357060218
"ENSG00000114270","ENSG00000114270",NA,0.402283955009047
"ENSG00000169245","ENSG00000169245",NA,0.296106566621317
"ENSG00000101825","ENSG00000101825",NA,0.451492801390566
"ENSG00000175356","ENSG00000175356",NA,0.368610890796603
"ENSG00000166741","ENSG00000166741",NA,0.186816069568438
"ENSG00000211896","ENSG00000211896",NA,0.324319887681904
"ENSG00000175782","ENSG00000175782",NA,0.377778280547675
"ENSG00000137441","ENSG00000137441",NA,0.383564949648709
"ENSG00000211592","ENSG00000211592",NA,0.360953003706865
"ENSG00000111581","ENSG00000111581",NA,0.384574102755616
"ENSG00000132434","ENSG00000132434",NA,0.214607502480789
"ENSG00000135679","ENSG00000135679",NA,0.385378283016321
"ENSG00000132432","ENSG00000132432",NA,0.152269937216512
"ENSG00000163359","ENSG00000163359",NA,0.376679095832475
"ENSG00000130635","ENSG00000130635",NA,0.388502225915345
"ENSG00000240583","ENSG00000240583",NA,0.249001106180613
"ENSG00000108821","ENSG00000108821",NA,0.392405787256079
